--
-- Script was generated by Devart dbForge Studio for MySQL, Version 9.2.5.0
-- Product home page: http://www.devart.com/dbforge/mysql/studio
-- Script date 15/03/2024 23:26:59
-- Server version: 10.4.32
-- Client version: 4.1
--

-- 
-- Disable foreign keys
-- 
/*!40014 SET @OLD_FOREIGN_KEY_CHECKS=@@FOREIGN_KEY_CHECKS, FOREIGN_KEY_CHECKS=0 */;

-- 
-- Set SQL mode
-- 
/*!40101 SET @OLD_SQL_MODE=@@SQL_MODE, SQL_MODE='NO_AUTO_VALUE_ON_ZERO' */;

-- 
-- Set character set the client will use to send SQL statements to the server
--
SET NAMES 'utf8';

--
-- Set default database
--
USE natura_db;

--
-- Drop table `audit`
--
DROP TABLE IF EXISTS audit;

--
-- Drop table `convidados`
--
DROP TABLE IF EXISTS convidados;

--
-- Drop table `crons`
--
DROP TABLE IF EXISTS crons;

--
-- Drop table `crons_logs`
--
DROP TABLE IF EXISTS crons_logs;

--
-- Drop table `email`
--
DROP TABLE IF EXISTS email;

--
-- Drop table `groups_menus`
--
DROP TABLE IF EXISTS groups_menus;

--
-- Drop table `keys`
--
DROP TABLE IF EXISTS `keys`;

--
-- Drop table `logs`
--
DROP TABLE IF EXISTS logs;

--
-- Drop table `menus`
--
DROP TABLE IF EXISTS menus;

--
-- Drop table `messages`
--
DROP TABLE IF EXISTS messages;

--
-- Drop table `message_threads`
--
DROP TABLE IF EXISTS message_threads;

--
-- Drop table `notifications`
--
DROP TABLE IF EXISTS notifications;

--
-- Drop table `pages`
--
DROP TABLE IF EXISTS pages;

--
-- Drop table `permissions`
--
DROP TABLE IF EXISTS permissions;

--
-- Drop table `permission_page_matches`
--
DROP TABLE IF EXISTS permission_page_matches;

--
-- Drop table `profiles`
--
DROP TABLE IF EXISTS profiles;

--
-- Drop table `settings`
--
DROP TABLE IF EXISTS settings;

--
-- Drop table `updates`
--
DROP TABLE IF EXISTS updates;

--
-- Drop table `users`
--
DROP TABLE IF EXISTS users;

--
-- Drop table `users_online`
--
DROP TABLE IF EXISTS users_online;

--
-- Drop table `users_session`
--
DROP TABLE IF EXISTS users_session;

--
-- Drop table `user_permission_matches`
--
DROP TABLE IF EXISTS user_permission_matches;

--
-- Drop table `us_announcements`
--
DROP TABLE IF EXISTS us_announcements;

--
-- Drop table `us_fingerprints`
--
DROP TABLE IF EXISTS us_fingerprints;

--
-- Drop table `us_fingerprint_assets`
--
DROP TABLE IF EXISTS us_fingerprint_assets;

--
-- Drop table `us_forms`
--
DROP TABLE IF EXISTS us_forms;

--
-- Drop table `us_form_validation`
--
DROP TABLE IF EXISTS us_form_validation;

--
-- Drop table `us_form_views`
--
DROP TABLE IF EXISTS us_form_views;

--
-- Drop table `us_ip_blacklist`
--
DROP TABLE IF EXISTS us_ip_blacklist;

--
-- Drop table `us_ip_list`
--
DROP TABLE IF EXISTS us_ip_list;

--
-- Drop table `us_ip_whitelist`
--
DROP TABLE IF EXISTS us_ip_whitelist;

--
-- Drop table `us_management`
--
DROP TABLE IF EXISTS us_management;

--
-- Drop table `us_menus`
--
DROP TABLE IF EXISTS us_menus;

--
-- Drop table `us_menu_items`
--
DROP TABLE IF EXISTS us_menu_items;

--
-- Drop table `us_plugins`
--
DROP TABLE IF EXISTS us_plugins;

--
-- Drop table `us_plugin_hooks`
--
DROP TABLE IF EXISTS us_plugin_hooks;

--
-- Drop table `us_saas_levels`
--
DROP TABLE IF EXISTS us_saas_levels;

--
-- Drop table `us_saas_orgs`
--
DROP TABLE IF EXISTS us_saas_orgs;

--
-- Drop table `us_user_sessions`
--
DROP TABLE IF EXISTS us_user_sessions;

--
-- Set default database
--
USE natura_db;

--
-- Create table `us_user_sessions`
--
CREATE TABLE us_user_sessions (
  kUserSessionID int(11) UNSIGNED NOT NULL AUTO_INCREMENT,
  fkUserID int(11) UNSIGNED NOT NULL,
  UserFingerprint varchar(255) NOT NULL,
  UserSessionIP varchar(255) NOT NULL,
  UserSessionOS varchar(255) NOT NULL,
  UserSessionBrowser varchar(255) NOT NULL,
  UserSessionStarted datetime NOT NULL,
  UserSessionLastUsed datetime DEFAULT NULL,
  UserSessionLastPage varchar(255) NOT NULL,
  UserSessionEnded tinyint(1) NOT NULL DEFAULT 0,
  UserSessionEnded_Time datetime DEFAULT NULL,
  PRIMARY KEY (kUserSessionID)
)
ENGINE = INNODB,
AUTO_INCREMENT = 2,
CHARACTER SET utf8mb4,
COLLATE utf8mb4_general_ci;

--
-- Create table `us_saas_orgs`
--
CREATE TABLE us_saas_orgs (
  id int(11) NOT NULL AUTO_INCREMENT,
  org varchar(255) NOT NULL,
  owner int(11) NOT NULL,
  level int(11) NOT NULL,
  active int(1) NOT NULL DEFAULT 1,
  PRIMARY KEY (id)
)
ENGINE = INNODB,
CHARACTER SET utf8mb4,
COLLATE utf8mb4_general_ci;

--
-- Create table `us_saas_levels`
--
CREATE TABLE us_saas_levels (
  id int(11) NOT NULL AUTO_INCREMENT,
  level varchar(255) NOT NULL,
  users int(11) NOT NULL,
  details mediumtext NOT NULL,
  PRIMARY KEY (id)
)
ENGINE = INNODB,
CHARACTER SET utf8mb4,
COLLATE utf8mb4_general_ci;

--
-- Create table `us_plugin_hooks`
--
CREATE TABLE us_plugin_hooks (
  id int(11) UNSIGNED NOT NULL AUTO_INCREMENT,
  page varchar(255) NOT NULL,
  folder varchar(255) NOT NULL,
  `position` varchar(255) NOT NULL,
  hook varchar(255) NOT NULL,
  disabled tinyint(1) DEFAULT 0,
  PRIMARY KEY (id)
)
ENGINE = INNODB,
CHARACTER SET utf8mb4,
COLLATE utf8mb4_general_ci;

--
-- Create table `us_plugins`
--
CREATE TABLE us_plugins (
  id int(11) NOT NULL AUTO_INCREMENT,
  plugin varchar(255) DEFAULT NULL,
  status varchar(255) DEFAULT NULL,
  updates mediumtext DEFAULT NULL,
  last_check datetime DEFAULT '2020-01-01 00:00:00',
  PRIMARY KEY (id)
)
ENGINE = INNODB,
CHARACTER SET utf8mb4,
COLLATE utf8mb4_general_ci;

--
-- Create table `us_menu_items`
--
CREATE TABLE us_menu_items (
  id int(11) UNSIGNED NOT NULL AUTO_INCREMENT,
  menu int(11) UNSIGNED NOT NULL,
  type varchar(50) DEFAULT NULL,
  label varchar(255) DEFAULT NULL,
  link text DEFAULT NULL,
  icon_class varchar(255) DEFAULT NULL,
  li_class varchar(255) DEFAULT NULL,
  a_class varchar(255) DEFAULT NULL,
  link_target varchar(50) DEFAULT NULL,
  parent int(11) DEFAULT NULL,
  display_order int(11) DEFAULT NULL,
  disabled tinyint(1) DEFAULT 0,
  permissions varchar(1000) DEFAULT NULL,
  tags varchar(1000) DEFAULT NULL,
  PRIMARY KEY (id)
)
ENGINE = INNODB,
AUTO_INCREMENT = 69,
AVG_ROW_LENGTH = 381,
CHARACTER SET utf8mb3,
COLLATE utf8mb3_general_ci;

--
-- Create table `us_menus`
--
CREATE TABLE us_menus (
  id int(11) UNSIGNED NOT NULL AUTO_INCREMENT,
  menu_name varchar(255) DEFAULT NULL,
  type varchar(75) DEFAULT NULL,
  nav_class varchar(255) DEFAULT NULL,
  theme varchar(25) DEFAULT NULL,
  z_index int(11) DEFAULT NULL,
  brand_html text DEFAULT NULL,
  disabled tinyint(1) DEFAULT 0,
  justify varchar(10) DEFAULT 'right',
  show_active tinyint(1) DEFAULT 0,
  screen_reader_mode tinyint(1) DEFAULT 0,
  PRIMARY KEY (id)
)
ENGINE = INNODB,
AUTO_INCREMENT = 3,
AVG_ROW_LENGTH = 8192,
CHARACTER SET utf8mb3,
COLLATE utf8mb3_general_ci;

--
-- Create table `us_management`
--
CREATE TABLE us_management (
  id int(11) NOT NULL AUTO_INCREMENT,
  page varchar(255) NOT NULL,
  view varchar(255) NOT NULL,
  feature varchar(255) NOT NULL,
  access varchar(255) NOT NULL,
  PRIMARY KEY (id)
)
ENGINE = INNODB,
AUTO_INCREMENT = 18,
AVG_ROW_LENGTH = 1638,
CHARACTER SET utf8mb4,
COLLATE utf8mb4_general_ci;

--
-- Create table `us_ip_whitelist`
--
CREATE TABLE us_ip_whitelist (
  id int(11) NOT NULL AUTO_INCREMENT,
  ip varchar(50) NOT NULL,
  PRIMARY KEY (id)
)
ENGINE = INNODB,
AUTO_INCREMENT = 7,
CHARACTER SET utf8mb4,
COLLATE utf8mb4_general_ci;

--
-- Create table `us_ip_list`
--
CREATE TABLE us_ip_list (
  id int(11) NOT NULL AUTO_INCREMENT,
  ip varchar(50) NOT NULL,
  user_id int(11) NOT NULL,
  timestamp timestamp NOT NULL DEFAULT CURRENT_TIMESTAMP() ON UPDATE CURRENT_TIMESTAMP,
  PRIMARY KEY (id)
)
ENGINE = INNODB,
AUTO_INCREMENT = 3,
CHARACTER SET utf8mb4,
COLLATE utf8mb4_general_ci;

--
-- Create table `us_ip_blacklist`
--
CREATE TABLE us_ip_blacklist (
  id int(11) NOT NULL AUTO_INCREMENT,
  ip varchar(50) NOT NULL,
  last_user int(11) NOT NULL DEFAULT 0,
  reason int(11) NOT NULL DEFAULT 0,
  PRIMARY KEY (id)
)
ENGINE = INNODB,
AUTO_INCREMENT = 11,
CHARACTER SET utf8mb4,
COLLATE utf8mb4_general_ci;

--
-- Create table `us_form_views`
--
CREATE TABLE us_form_views (
  id int(11) NOT NULL AUTO_INCREMENT,
  form_name varchar(255) NOT NULL,
  view_name varchar(255) NOT NULL,
  fields mediumtext NOT NULL,
  PRIMARY KEY (id)
)
ENGINE = INNODB,
CHARACTER SET utf8mb4,
COLLATE utf8mb4_general_ci;

--
-- Create table `us_form_validation`
--
CREATE TABLE us_form_validation (
  id int(11) NOT NULL AUTO_INCREMENT,
  value varchar(255) NOT NULL,
  description varchar(255) NOT NULL,
  params varchar(255) NOT NULL,
  PRIMARY KEY (id)
)
ENGINE = INNODB,
AUTO_INCREMENT = 14,
AVG_ROW_LENGTH = 1260,
CHARACTER SET utf8mb4,
COLLATE utf8mb4_general_ci;

--
-- Create table `us_forms`
--
CREATE TABLE us_forms (
  id int(11) NOT NULL AUTO_INCREMENT,
  form varchar(255) NOT NULL,
  PRIMARY KEY (id)
)
ENGINE = INNODB,
CHARACTER SET utf8mb4,
COLLATE utf8mb4_general_ci;

--
-- Create table `us_fingerprint_assets`
--
CREATE TABLE us_fingerprint_assets (
  kFingerprintAssetID int(11) UNSIGNED NOT NULL AUTO_INCREMENT,
  fkFingerprintID int(11) NOT NULL,
  IP_Address varchar(255) NOT NULL,
  User_Browser varchar(255) NOT NULL,
  User_OS varchar(255) NOT NULL,
  PRIMARY KEY (kFingerprintAssetID)
)
ENGINE = INNODB,
CHARACTER SET utf8mb4,
COLLATE utf8mb4_general_ci;

--
-- Create table `us_fingerprints`
--
CREATE TABLE us_fingerprints (
  kFingerprintID int(11) UNSIGNED NOT NULL AUTO_INCREMENT,
  fkUserID int(11) NOT NULL,
  Fingerprint varchar(32) NOT NULL,
  Fingerprint_Expiry datetime NOT NULL,
  Fingerprint_Added timestamp NOT NULL DEFAULT CURRENT_TIMESTAMP() ON UPDATE CURRENT_TIMESTAMP,
  PRIMARY KEY (kFingerprintID)
)
ENGINE = INNODB,
CHARACTER SET utf8mb4,
COLLATE utf8mb4_general_ci;

--
-- Create table `us_announcements`
--
CREATE TABLE us_announcements (
  id int(11) NOT NULL AUTO_INCREMENT,
  dismissed int(11) NOT NULL,
  link varchar(255) DEFAULT NULL,
  title varchar(255) DEFAULT NULL,
  message varchar(255) DEFAULT NULL,
  `ignore` varchar(50) DEFAULT NULL,
  class varchar(50) DEFAULT NULL,
  PRIMARY KEY (id)
)
ENGINE = INNODB,
CHARACTER SET utf8mb4,
COLLATE utf8mb4_general_ci;

--
-- Create table `user_permission_matches`
--
CREATE TABLE user_permission_matches (
  id int(11) NOT NULL AUTO_INCREMENT,
  user_id int(11) NOT NULL,
  permission_id int(11) NOT NULL,
  PRIMARY KEY (id)
)
ENGINE = INNODB,
AUTO_INCREMENT = 111,
AVG_ROW_LENGTH = 8192,
CHARACTER SET utf8mb4,
COLLATE utf8mb4_general_ci;

--
-- Create table `users_session`
--
CREATE TABLE users_session (
  id int(11) NOT NULL AUTO_INCREMENT,
  user_id int(11) NOT NULL,
  hash varchar(255) NOT NULL,
  uagent mediumtext DEFAULT NULL,
  PRIMARY KEY (id)
)
ENGINE = INNODB,
CHARACTER SET utf8mb4,
COLLATE utf8mb4_general_ci;

--
-- Create table `users_online`
--
CREATE TABLE users_online (
  id int(11) NOT NULL,
  ip varchar(15) NOT NULL,
  timestamp varchar(15) NOT NULL,
  user_id int(11) DEFAULT NULL,
  session varchar(50) NOT NULL,
  PRIMARY KEY (id)
)
ENGINE = INNODB,
CHARACTER SET utf8mb4,
COLLATE utf8mb4_general_ci;

--
-- Create table `users`
--
CREATE TABLE users (
  id int(11) NOT NULL AUTO_INCREMENT,
  permissions tinyint(1) NOT NULL,
  email varchar(155) NOT NULL,
  email_new varchar(155) DEFAULT NULL,
  username varchar(255) NOT NULL,
  password varchar(255) DEFAULT NULL,
  pin varchar(255) DEFAULT NULL,
  fname varchar(255) NOT NULL,
  lname varchar(255) NOT NULL,
  language varchar(15) DEFAULT 'en-US',
  email_verified tinyint(1) NOT NULL DEFAULT 0,
  vericode varchar(15) DEFAULT NULL,
  vericode_expiry datetime DEFAULT NULL,
  oauth_provider text DEFAULT NULL,
  oauth_uid text DEFAULT NULL,
  gender varchar(10) CHARACTER SET utf8mb3 COLLATE utf8mb3_unicode_ci NOT NULL,
  locale varchar(10) CHARACTER SET utf8mb3 COLLATE utf8mb3_unicode_ci NOT NULL,
  gpluslink text DEFAULT NULL,
  account_owner tinyint(4) NOT NULL DEFAULT 1,
  account_id int(11) NOT NULL DEFAULT 0,
  account_mgr int(11) NOT NULL DEFAULT 0,
  fb_uid text DEFAULT NULL,
  picture text DEFAULT NULL,
  created datetime NOT NULL,
  protected tinyint(1) NOT NULL DEFAULT 0,
  msg_exempt tinyint(1) NOT NULL DEFAULT 0,
  dev_user tinyint(1) NOT NULL DEFAULT 0,
  msg_notification tinyint(1) NOT NULL DEFAULT 1,
  cloak_allowed tinyint(1) NOT NULL DEFAULT 0,
  oauth_tos_accepted tinyint(1) DEFAULT NULL,
  un_changed tinyint(1) NOT NULL DEFAULT 0,
  force_pr tinyint(1) NOT NULL DEFAULT 0,
  logins int(11) UNSIGNED NOT NULL DEFAULT 0,
  last_login datetime DEFAULT NULL,
  join_date datetime DEFAULT NULL,
  modified datetime DEFAULT NULL,
  active tinyint(1) DEFAULT 1,
  PRIMARY KEY (id)
)
ENGINE = INNODB,
AUTO_INCREMENT = 3,
CHARACTER SET utf8mb4,
COLLATE utf8mb4_general_ci;

--
-- Create index `EMAIL` on table `users`
--
ALTER TABLE users
ADD INDEX EMAIL (email);

--
-- Create table `updates`
--
CREATE TABLE updates (
  id int(11) NOT NULL AUTO_INCREMENT,
  migration varchar(15) NOT NULL,
  applied_on timestamp NOT NULL DEFAULT CURRENT_TIMESTAMP() ON UPDATE CURRENT_TIMESTAMP,
  update_skipped tinyint(1) DEFAULT NULL,
  PRIMARY KEY (id)
)
ENGINE = INNODB,
AUTO_INCREMENT = 99,
AVG_ROW_LENGTH = 195,
CHARACTER SET utf8mb4,
COLLATE utf8mb4_general_ci;

--
-- Create table `settings`
--
CREATE TABLE settings (
  id int(50) NOT NULL AUTO_INCREMENT,
  recaptcha int(1) NOT NULL DEFAULT 0,
  force_ssl int(1) NOT NULL,
  css_sample int(1) NOT NULL,
  site_name varchar(100) NOT NULL,
  language varchar(15) DEFAULT NULL,
  site_offline int(1) NOT NULL,
  force_pr int(1) NOT NULL,
  glogin int(1) NOT NULL DEFAULT 0,
  fblogin int(1) NOT NULL,
  gid text DEFAULT NULL,
  gsecret text DEFAULT NULL,
  gredirect text DEFAULT NULL,
  ghome text DEFAULT NULL,
  fbid text DEFAULT NULL,
  fbsecret text DEFAULT NULL,
  fbcallback text DEFAULT NULL,
  graph_ver text DEFAULT NULL,
  finalredir text DEFAULT NULL,
  req_cap int(1) NOT NULL,
  req_num int(1) NOT NULL,
  min_pw int(2) NOT NULL,
  max_pw int(3) NOT NULL,
  min_un int(2) NOT NULL,
  max_un int(3) NOT NULL,
  messaging int(1) NOT NULL,
  snooping int(1) NOT NULL,
  echouser int(11) NOT NULL,
  wys int(1) NOT NULL,
  change_un int(1) NOT NULL,
  backup_dest text DEFAULT NULL,
  backup_source text DEFAULT NULL,
  backup_table text DEFAULT NULL,
  msg_notification int(1) NOT NULL,
  permission_restriction int(1) NOT NULL,
  auto_assign_un int(1) NOT NULL,
  page_permission_restriction int(1) NOT NULL,
  msg_blocked_users int(1) NOT NULL,
  msg_default_to int(1) NOT NULL,
  notifications int(1) NOT NULL,
  notif_daylimit int(3) NOT NULL,
  recap_public text DEFAULT NULL,
  recap_private text DEFAULT NULL,
  page_default_private int(1) NOT NULL,
  navigation_type tinyint(1) NOT NULL,
  copyright varchar(255) NOT NULL,
  custom_settings int(1) NOT NULL,
  system_announcement varchar(255) NOT NULL,
  twofa int(1) DEFAULT 0,
  force_notif tinyint(1) DEFAULT NULL,
  cron_ip varchar(255) DEFAULT NULL,
  registration tinyint(1) DEFAULT NULL,
  join_vericode_expiry int(9) UNSIGNED NOT NULL,
  reset_vericode_expiry int(9) UNSIGNED NOT NULL,
  admin_verify tinyint(1) NOT NULL,
  admin_verify_timeout int(9) NOT NULL,
  session_manager tinyint(1) NOT NULL,
  template varchar(255) DEFAULT 'standard',
  saas tinyint(1) DEFAULT NULL,
  redirect_uri_after_login mediumtext DEFAULT NULL,
  show_tos tinyint(1) DEFAULT 1,
  default_language varchar(11) DEFAULT NULL,
  allow_language tinyint(1) DEFAULT NULL,
  spice_api varchar(75) DEFAULT NULL,
  announce datetime DEFAULT NULL,
  bleeding_edge tinyint(1) DEFAULT 0,
  err_time int(11) DEFAULT 15,
  container_open_class varchar(255) DEFAULT 'container-fluid',
  debug tinyint(1) DEFAULT 0,
  widgets text DEFAULT NULL,
  uman_search tinyint(1) DEFAULT 0,
  PRIMARY KEY (id)
)
ENGINE = INNODB,
AUTO_INCREMENT = 2,
CHARACTER SET utf8mb4,
COLLATE utf8mb4_general_ci;

--
-- Create table `profiles`
--
CREATE TABLE profiles (
  id int(11) NOT NULL AUTO_INCREMENT,
  user_id int(11) NOT NULL,
  bio mediumtext NOT NULL,
  PRIMARY KEY (id)
)
ENGINE = INNODB,
AUTO_INCREMENT = 11,
AVG_ROW_LENGTH = 8192,
CHARACTER SET utf8mb4,
COLLATE utf8mb4_general_ci;

--
-- Create table `permission_page_matches`
--
CREATE TABLE permission_page_matches (
  id int(11) NOT NULL AUTO_INCREMENT,
  permission_id int(11) DEFAULT NULL,
  page_id int(11) DEFAULT NULL,
  PRIMARY KEY (id)
)
ENGINE = INNODB,
AUTO_INCREMENT = 58,
AVG_ROW_LENGTH = 3276,
CHARACTER SET utf8mb4,
COLLATE utf8mb4_general_ci;

--
-- Create table `permissions`
--
CREATE TABLE permissions (
  id int(11) NOT NULL AUTO_INCREMENT,
  name varchar(150) NOT NULL,
  PRIMARY KEY (id)
)
ENGINE = INNODB,
AUTO_INCREMENT = 3,
AVG_ROW_LENGTH = 8192,
CHARACTER SET utf8mb4,
COLLATE utf8mb4_general_ci;

--
-- Create table `pages`
--
CREATE TABLE pages (
  id int(11) NOT NULL AUTO_INCREMENT,
  page varchar(255) DEFAULT NULL,
  title varchar(255) DEFAULT NULL,
  private int(11) NOT NULL DEFAULT 0,
  re_auth int(1) NOT NULL DEFAULT 0,
  core int(1) DEFAULT 0,
  PRIMARY KEY (id)
)
ENGINE = INNODB,
AUTO_INCREMENT = 91,
AVG_ROW_LENGTH = 910,
CHARACTER SET utf8mb4,
COLLATE utf8mb4_general_ci;

--
-- Create table `notifications`
--
CREATE TABLE notifications (
  id int(11) UNSIGNED NOT NULL AUTO_INCREMENT,
  user_id int(11) NOT NULL,
  message longtext NOT NULL,
  is_read tinyint(4) NOT NULL,
  is_archived tinyint(1) DEFAULT 0,
  date_created datetime DEFAULT NULL,
  date_read datetime DEFAULT NULL,
  last_updated timestamp NOT NULL DEFAULT CURRENT_TIMESTAMP() ON UPDATE CURRENT_TIMESTAMP,
  class varchar(100) DEFAULT NULL,
  PRIMARY KEY (id)
)
ENGINE = INNODB,
CHARACTER SET utf8mb4,
COLLATE utf8mb4_general_ci;

--
-- Create table `message_threads`
--
CREATE TABLE message_threads (
  id int(11) NOT NULL AUTO_INCREMENT,
  msg_to int(11) NOT NULL,
  msg_from int(11) NOT NULL,
  msg_subject varchar(255) NOT NULL,
  last_update datetime NOT NULL,
  last_update_by int(11) NOT NULL,
  archive_from int(1) NOT NULL DEFAULT 0,
  archive_to int(1) NOT NULL DEFAULT 0,
  hidden_from int(1) NOT NULL DEFAULT 0,
  hidden_to int(1) NOT NULL DEFAULT 0,
  PRIMARY KEY (id)
)
ENGINE = INNODB,
CHARACTER SET utf8mb4,
COLLATE utf8mb4_general_ci;

--
-- Create table `messages`
--
CREATE TABLE messages (
  id int(11) NOT NULL AUTO_INCREMENT,
  msg_from int(11) NOT NULL,
  msg_to int(11) NOT NULL,
  msg_body mediumtext NOT NULL,
  msg_read int(1) NOT NULL,
  msg_thread int(11) NOT NULL,
  deleted int(1) NOT NULL,
  sent_on datetime NOT NULL,
  PRIMARY KEY (id)
)
ENGINE = INNODB,
CHARACTER SET utf8mb4,
COLLATE utf8mb4_general_ci;

--
-- Create table `menus`
--
CREATE TABLE menus (
  id int(10) NOT NULL AUTO_INCREMENT,
  menu_title varchar(255) NOT NULL,
  parent int(10) NOT NULL,
  dropdown int(1) NOT NULL,
  logged_in int(1) NOT NULL,
  display_order int(10) NOT NULL,
  label varchar(255) NOT NULL,
  link varchar(255) NOT NULL,
  icon_class varchar(255) NOT NULL,
  PRIMARY KEY (id)
)
ENGINE = INNODB,
AUTO_INCREMENT = 23,
AVG_ROW_LENGTH = 862,
CHARACTER SET utf8mb4,
COLLATE utf8mb4_general_ci;

--
-- Create table `logs`
--
CREATE TABLE logs (
  id int(11) NOT NULL AUTO_INCREMENT,
  user_id int(11) NOT NULL DEFAULT 0,
  logdate timestamp NOT NULL DEFAULT CURRENT_TIMESTAMP() ON UPDATE CURRENT_TIMESTAMP,
  logtype varchar(25) NOT NULL,
  lognote mediumtext NOT NULL,
  ip varchar(75) DEFAULT NULL,
  metadata blob DEFAULT NULL,
  PRIMARY KEY (id)
)
ENGINE = INNODB,
AUTO_INCREMENT = 21,
AVG_ROW_LENGTH = 819,
CHARACTER SET utf8mb4,
COLLATE utf8mb4_general_ci;

--
-- Create table `keys`
--
CREATE TABLE `keys` (
  id int(11) NOT NULL AUTO_INCREMENT,
  stripe_ts varchar(255) NOT NULL,
  stripe_tp varchar(255) NOT NULL,
  stripe_ls varchar(255) NOT NULL,
  stripe_lp varchar(255) NOT NULL,
  recap_pub varchar(100) NOT NULL,
  recap_pri varchar(100) NOT NULL,
  PRIMARY KEY (id)
)
ENGINE = INNODB,
CHARACTER SET utf8mb4,
COLLATE utf8mb4_general_ci;

--
-- Create table `groups_menus`
--
CREATE TABLE groups_menus (
  id int(11) UNSIGNED NOT NULL AUTO_INCREMENT,
  group_id int(11) UNSIGNED NOT NULL,
  menu_id int(11) UNSIGNED NOT NULL,
  PRIMARY KEY (id)
)
ENGINE = INNODB,
AUTO_INCREMENT = 39,
AVG_ROW_LENGTH = 528,
CHARACTER SET utf8mb4,
COLLATE utf8mb4_general_ci;

--
-- Create index `group_id` on table `groups_menus`
--
ALTER TABLE groups_menus
ADD INDEX group_id (group_id);

--
-- Create index `menu_id` on table `groups_menus`
--
ALTER TABLE groups_menus
ADD INDEX menu_id (menu_id);

--
-- Create table `email`
--
CREATE TABLE email (
  id int(11) NOT NULL AUTO_INCREMENT,
  website_name varchar(100) NOT NULL,
  smtp_server varchar(100) NOT NULL,
  smtp_port int(10) NOT NULL,
  email_login varchar(150) NOT NULL,
  email_pass varchar(100) NOT NULL,
  from_name varchar(100) NOT NULL,
  from_email varchar(150) NOT NULL,
  transport varchar(255) NOT NULL,
  verify_url varchar(255) NOT NULL,
  email_act int(1) NOT NULL,
  debug_level int(1) NOT NULL DEFAULT 0,
  isSMTP int(1) NOT NULL DEFAULT 0,
  isHTML varchar(5) NOT NULL DEFAULT 'true',
  useSMTPauth varchar(6) NOT NULL DEFAULT 'true',
  authtype varchar(50) DEFAULT 'CRAM-MD5',
  PRIMARY KEY (id)
)
ENGINE = INNODB,
AUTO_INCREMENT = 2,
CHARACTER SET utf8mb4,
COLLATE utf8mb4_general_ci;

--
-- Create table `crons_logs`
--
CREATE TABLE crons_logs (
  id int(11) NOT NULL AUTO_INCREMENT,
  cron_id int(11) NOT NULL,
  datetime timestamp NOT NULL DEFAULT CURRENT_TIMESTAMP() ON UPDATE CURRENT_TIMESTAMP,
  user_id int(11) NOT NULL,
  PRIMARY KEY (id)
)
ENGINE = INNODB,
CHARACTER SET utf8mb4,
COLLATE utf8mb4_general_ci;

--
-- Create table `crons`
--
CREATE TABLE crons (
  id int(11) NOT NULL AUTO_INCREMENT,
  active int(1) NOT NULL DEFAULT 1,
  sort int(3) NOT NULL,
  name varchar(255) NOT NULL,
  file varchar(255) NOT NULL,
  createdby int(11) NOT NULL,
  created datetime DEFAULT NULL,
  modified timestamp NOT NULL DEFAULT CURRENT_TIMESTAMP() ON UPDATE CURRENT_TIMESTAMP,
  PRIMARY KEY (id)
)
ENGINE = INNODB,
AUTO_INCREMENT = 2,
CHARACTER SET utf8mb4,
COLLATE utf8mb4_general_ci;

--
-- Create table `convidados`
--
CREATE TABLE convidados (
  id int(11) NOT NULL AUTO_INCREMENT,
  nome_completo varchar(255) NOT NULL,
  nome_preferido varchar(255) DEFAULT NULL,
  endereco varchar(255) DEFAULT NULL,
  numero varchar(10) DEFAULT NULL,
  complemento varchar(255) DEFAULT NULL,
  sexo char(1) DEFAULT NULL,
  data_nascimento date DEFAULT NULL,
  cpf varchar(14) DEFAULT NULL,
  rg varchar(20) DEFAULT NULL,
  contato_emergencia_nome varchar(255) DEFAULT NULL,
  contato_emergencia_telefone varchar(20) DEFAULT NULL,
  ja_visitou_cajamar enum ('SIM', 'NÃO') DEFAULT NULL,
  meio_transporte enum ('AÉREO', 'CARRO PRÓPRIO', 'TRANSFER DO EVENTO', 'OUTRO') DEFAULT NULL,
  meio_transporte_outro_descricao varchar(255) DEFAULT NULL,
  aeroporto_embarque varchar(255) DEFAULT NULL,
  tempo_ate_aeroporto varchar(255) DEFAULT NULL,
  whatsapp_contato varchar(20) DEFAULT NULL,
  eh_pcd enum ('SIM', 'NÃO') DEFAULT NULL,
  pcd_descricao varchar(255) DEFAULT NULL,
  alergia_restricao_alimentar enum ('SIM', 'NÃO') DEFAULT NULL,
  alergia_restricao_alimentar_descricao varchar(255) DEFAULT NULL,
  alergia_restricao_medicamento enum ('SIM', 'NÃO') DEFAULT NULL,
  alergia_restricao_medicamento_descricao varchar(255) DEFAULT NULL,
  esta_gravida enum ('SIM', 'NÃO') DEFAULT NULL,
  semanas_gravidez int(11) DEFAULT NULL,
  evento varchar(255) DEFAULT NULL,
  papel varchar(255) DEFAULT NULL,
  nivel varchar(255) DEFAULT NULL,
  gm varchar(255) DEFAULT NULL,
  gv varchar(255) DEFAULT NULL,
  setor varchar(255) DEFAULT NULL,
  id_dagaz varchar(255) DEFAULT NULL,
  status_rsvp varchar(255) DEFAULT NULL,
  data_rsvp date DEFAULT NULL,
  status_aereo varchar(255) DEFAULT NULL,
  inadimplencia varchar(255) DEFAULT NULL,
  cod_cn varchar(255) DEFAULT NULL,
  nome_credencial varchar(255) DEFAULT NULL,
  celular varchar(20) DEFAULT NULL,
  telefone varchar(20) DEFAULT NULL,
  telefone2 varchar(20) DEFAULT NULL,
  telefone3 varchar(20) DEFAULT NULL,
  logradouro varchar(255) DEFAULT NULL,
  bairro varchar(255) DEFAULT NULL,
  cidade varchar(255) DEFAULT NULL,
  uf char(2) DEFAULT NULL,
  cep char(9) DEFAULT NULL,
  email varchar(255) DEFAULT NULL,
  gestante enum ('SIM', 'NÃO') DEFAULT NULL,
  vacina_covid enum ('SIM', 'NÃO') DEFAULT NULL,
  doses_vacina int(11) DEFAULT NULL,
  comprovante_vacina varchar(255) DEFAULT NULL,
  cajamar enum ('SIM', 'NÃO') DEFAULT NULL,
  restricao_alimentar enum ('SIM', 'NÃO') DEFAULT NULL,
  alergia_medicamento enum ('SIM', 'NÃO') DEFAULT NULL,
  pcd_locomocao enum ('SIM', 'NÃO') DEFAULT NULL,
  tipo_transporte varchar(255) DEFAULT NULL,
  aeroporto_proximo varchar(255) DEFAULT NULL,
  reembolso enum ('SIM', 'NÃO') DEFAULT NULL,
  observacao_especial text DEFAULT NULL,
  ida1_data date DEFAULT NULL,
  ida1_voo varchar(255) DEFAULT NULL,
  ida1_embarque varchar(255) DEFAULT NULL,
  ida1_desembarque varchar(255) DEFAULT NULL,
  ida1_hora_saida time DEFAULT NULL,
  ida1_hora_chegada time DEFAULT NULL,
  ida2_data date DEFAULT NULL,
  ida2_voo varchar(255) DEFAULT NULL,
  ida2_embarque varchar(255) DEFAULT NULL,
  ida2_desembarque varchar(255) DEFAULT NULL,
  ida2_hora_saida time DEFAULT NULL,
  ida2_hora_chegada time DEFAULT NULL,
  volta1_data date DEFAULT NULL,
  volta1_voo varchar(255) DEFAULT NULL,
  volta1_embarque varchar(255) DEFAULT NULL,
  volta1_desembarque varchar(255) DEFAULT NULL,
  volta1_hora_saida time DEFAULT NULL,
  volta1_hora_chegada time DEFAULT NULL,
  volta2_data date DEFAULT NULL,
  volta2_voo varchar(255) DEFAULT NULL,
  volta2_embarque varchar(255) DEFAULT NULL,
  volta2_desembarque varchar(255) DEFAULT NULL,
  volta2_hora_saida time DEFAULT NULL,
  volta2_hora_chegada time DEFAULT NULL,
  localizador varchar(255) DEFAULT NULL,
  eticket varchar(255) DEFAULT NULL,
  pernoite_ida enum ('SIM', 'NÃO') DEFAULT NULL,
  pernoite_ida_data date DEFAULT NULL,
  pernoite_ida_hotel varchar(255) DEFAULT NULL,
  pernoite_ida_check_in time DEFAULT NULL,
  pernoite_ida_check_out time DEFAULT NULL,
  pernoite_ida_endereco varchar(255) DEFAULT NULL,
  pernoite_volta enum ('SIM', 'NÃO') DEFAULT NULL,
  pernoite_volta_data date DEFAULT NULL,
  pernoite_volta_hotel varchar(255) DEFAULT NULL,
  pernoite_volta_endereco varchar(255) DEFAULT NULL,
  pernoite_volta_check_in time DEFAULT NULL,
  pernoite_volta_check_out time DEFAULT NULL,
  ponto_encontro_data date DEFAULT NULL,
  ponto_encontro_local varchar(255) DEFAULT NULL,
  ponto_encontro_hora time DEFAULT NULL,
  ponto_encontro_endereco varchar(255) DEFAULT NULL,
  PRIMARY KEY (id)
)
ENGINE = INNODB,
CHARACTER SET utf8mb4,
COLLATE utf8mb4_general_ci;

--
-- Create table `audit`
--
CREATE TABLE audit (
  id int(11) NOT NULL AUTO_INCREMENT,
  user int(11) NOT NULL,
  page varchar(255) NOT NULL,
  timestamp timestamp NOT NULL DEFAULT CURRENT_TIMESTAMP() ON UPDATE CURRENT_TIMESTAMP,
  ip varchar(255) NOT NULL,
  viewed int(1) NOT NULL,
  PRIMARY KEY (id)
)
ENGINE = INNODB,
CHARACTER SET utf8mb4,
COLLATE utf8mb4_general_ci;

-- 
-- Dumping data for table us_user_sessions
--
-- Table natura_db.us_user_sessions does not contain any data (it is empty)

-- 
-- Dumping data for table us_saas_orgs
--
-- Table natura_db.us_saas_orgs does not contain any data (it is empty)

-- 
-- Dumping data for table us_saas_levels
--
-- Table natura_db.us_saas_levels does not contain any data (it is empty)

-- 
-- Dumping data for table us_plugin_hooks
--
-- Table natura_db.us_plugin_hooks does not contain any data (it is empty)

-- 
-- Dumping data for table us_plugins
--
-- Table natura_db.us_plugins does not contain any data (it is empty)

-- 
-- Dumping data for table us_menu_items
--
INSERT INTO us_menu_items VALUES
(1, 1, 'dropdown', '', '', 'fa fa-cogs', NULL, NULL, '_self', 0, 14, 0, '[1]', NULL),
(2, 1, 'link', '{{LOGGED_IN_USERNAME}}', 'users/account.php', 'fa fa-user', NULL, NULL, '_self', 0, 11, 0, '[1]', NULL),
(3, 1, 'dropdown', '{{MENU_HELP}}', '', 'fa fa-life-ring', NULL, NULL, '_self', 0, 3, 0, '[0]', NULL),
(4, 1, 'link', '{{SIGNUP_TEXT}}', 'users/join.php', 'fa fa-plus-square', NULL, NULL, '_self', 0, 2, 0, '[0]', NULL),
(5, 1, 'link', '{{SIGNIN_BUTTONTEXT}}', 'users/login.php', 'fa fa-sign-in', NULL, NULL, '_self', 0, 1, 0, '[0]', NULL),
(6, 1, 'link', '{{MENU_HOME}}', '', 'fa fa-home', NULL, NULL, '_self', 0, 0, 0, '[0]', NULL),
(7, 1, 'link', '{{MENU_HOME}}', '', 'fa fa-home', NULL, NULL, '_self', 0, 10, 0, '[]', NULL),
(8, 1, 'link', '{{MENU_HOME}}', '', 'fa fa-home', NULL, NULL, '_self', 1, 1, 0, '[1]', NULL),
(9, 1, 'link', '{{MENU_ACCOUNT}}', 'users/account.php', 'fa fa-user', NULL, NULL, '_self', 1, 2, 0, '[1]', NULL),
(10, 1, 'separator', '', '', '', NULL, NULL, '_self', 1, 3, 0, '[1]', NULL),
(11, 1, 'link', '{{MENU_DASH}}', 'users/admin.php', 'fa fa-cogs', NULL, NULL, '_self', 1, 4, 0, '[2]', NULL),
(12, 1, 'link', '{{MENU_USER_MGR}}', 'users/admin.php?view=users', 'fa fa-user', NULL, NULL, '_self', 1, 5, 0, '[2]', NULL),
(13, 1, 'link', '{{MENU_PERM_MGR}}', 'users/admin.php?view=permissions', 'fa fa-lock', NULL, NULL, '_self', 1, 6, 0, '[2]', NULL),
(14, 1, 'link', '{{MENU_PAGE_MGR}}', 'users/admin.php?view=pages', 'fa fa-wrench', NULL, NULL, '_self', 1, 7, 0, '[2]', NULL),
(15, 1, 'link', '{{MENU_LOGS_MGR}}', 'users/admin.php?view=logs', 'fa fa-search', NULL, NULL, '_self', 1, 9, 0, '[2]', NULL),
(16, 1, 'separator', '', '', '', NULL, NULL, '_self', 1, 10, 0, '[2]', NULL),
(17, 1, 'link', '{{MENU_LOGOUT}}', 'users/logout.php', 'fa fa-sign-out', NULL, NULL, '_self', 1, 11, 0, '[2,1]', NULL),
(18, 1, 'link', '{{SIGNIN_FORGOTPASS}}', 'users/forgot_password.php', 'fa fa-wrench', NULL, NULL, '_self', 3, 1, 0, '[0]', NULL),
(19, 1, 'link', '{{VER_RESEND}}', 'users/verify_resend.php', 'fa fa-exclamation-triangle', NULL, NULL, '_self', 3, 99999, 0, '[0]', NULL),
(45, 2, 'dropdown', 'Tools', '', 'fa fa-wrench', '', '', '_self', 0, 3, 0, '[2]', NULL),
(46, 2, 'link', 'User Manager', 'users/admin.php?view=users', 'fa fa-user', NULL, NULL, NULL, 45, 15, 0, '[2]', NULL),
(47, 2, 'link', 'Bug Report', 'users/admin.php?view=bugs', 'fa fa-bug', NULL, NULL, NULL, 45, 1, 0, '[2]', NULL),
(48, 2, 'link', 'IP Manager', 'users/admin.php?view=ip', 'fa fa-warning', NULL, NULL, NULL, 45, 3, 0, '[0]', NULL),
(49, 2, 'link', 'Cron Jobs', 'users/admin.php?view=cron', 'fa fa-terminal', NULL, NULL, NULL, 45, 2, 0, '[2]', NULL),
(50, 2, 'link', 'Security Logs', 'users/admin.php?view=security_logs', 'fa fa-lock', NULL, NULL, NULL, 45, 9, 0, '[2]', NULL),
(51, 2, 'link', 'System Logs', 'users/admin.php?view=logs', 'fa fa-list-ol', NULL, NULL, NULL, 45, 10, 0, '[2]', NULL),
(52, 2, 'link', 'Templates', 'users/admin.php?view=templates', 'fa fa-eye', NULL, NULL, NULL, 45, 11, 0, '[2]', NULL),
(53, 2, 'link', 'Updates', 'users/admin.php?view=updates', 'fa fa-arrow-circle-o-up', NULL, NULL, NULL, 45, 12, 0, '[2]', NULL),
(54, 2, 'link', 'Page Manager', 'users/admin.php?view=pages', 'fa fa-file', NULL, NULL, NULL, 45, 7, 0, '[2]', NULL),
(55, 2, 'link', 'Permissions', 'users/admin.php?view=permissions', 'fa fa-unlock-alt', NULL, NULL, NULL, 45, 8, 0, '[2]', NULL),
(56, 2, 'dropdown', 'Settings', '', 'fa fa-gear', '', '', '_self', 0, 4, 0, '[2]', NULL),
(57, 2, 'link', 'General', 'users/admin.php?view=general', 'fa fa-check', NULL, NULL, NULL, 56, 1, 0, '[2]', NULL),
(58, 2, 'link', 'Registration', 'users/admin.php?view=reg', 'fa fa-users', NULL, NULL, NULL, 56, 2, 0, '[2]', NULL),
(59, 2, 'link', 'Email', 'users/admin.php?view=email', 'fa fa-envelope', NULL, NULL, NULL, 56, 3, 0, '[0]', NULL),
(60, 2, 'link', 'Navigation (Classic)', 'users/admin.php?view=nav', 'fa fa-rocket', NULL, NULL, NULL, 56, 4, 0, '[2]', NULL),
(61, 2, 'link', 'UltraMenu', 'users/admin.php?view=menus', 'fa fa-lock', NULL, NULL, NULL, 56, 5, 0, '[2]', NULL),
(62, 2, 'link', 'Dashboard Access', 'users/admin.php?view=access', 'fa fa-file-code-o', NULL, NULL, NULL, 56, 5, 0, '[2]', NULL),
(63, 2, 'dropdown', 'Plugins', '#', 'fa fa-plug', '', '', '_self', 0, 5, 0, '[2]', NULL),
(64, 2, 'snippet', 'All Plugins', 'users/includes/menu_hooks/plugins.php', '', NULL, NULL, NULL, 63, 2, 0, '[2]', NULL),
(65, 2, 'link', 'Plugin Manager', 'users/admin.php?view=plugins', 'fa fa-puzzle-piece', NULL, NULL, NULL, 63, 1, 0, '[2]', NULL),
(66, 2, 'link', 'Spice Shaker', 'users/admin.php?view=spice', 'fa fa-user-secret', '', '', '_self', 0, 2, 0, '[2]', NULL),
(67, 2, 'link', 'Home', '#', 'fa fa-home', '', '', '_self', 0, 1, 0, '[2]', NULL),
(68, 2, 'link', 'Dashboard', 'users/admin.php', 'fa-solid fa-desktop', '', '', '_self', 0, 1, 0, '[2]', NULL);

-- 
-- Dumping data for table us_menus
--
INSERT INTO us_menus VALUES
(1, 'Main Menu', 'horizontal', '', 'dark', 50, '&lt;a href=&quot;{{root}}&quot; &gt;\r\n&lt;img src=&quot;{{root}}users/images/logo.png&quot; /&gt;', 0, 'right', 0, 0),
(2, 'Dashboard Menu', 'horizontal', NULL, 'dark', 55, '&lt;a href=&quot;{{root}}&quot; title=&quot;Home Page&quot;&gt;\r\n&lt;img src=&quot;{{root}}users/images/logo.png&quot; alt=&quot;Main logo&quot; /&gt;&lt;/a&gt;', 0, 'right', 0, 0);

-- 
-- Dumping data for table us_management
--
INSERT INTO us_management VALUES
(1, '_admin_manage_ip.php', 'ip', 'IP Whitelist/Blacklist', ''),
(2, '_admin_nav.php', 'nav', 'Navigation [List/Add/Delete]', ''),
(3, '_admin_nav_item.php', 'nav_item', 'Navigation [View/Edit]', ''),
(4, '_admin_pages.php', 'pages', 'Page Management [List]', ''),
(5, '_admin_page.php', 'page', 'Page Management [View/Edit]', ''),
(6, '_admin_security_logs.php', 'security_logs', 'Security Logs', ''),
(7, '_admin_templates.php', 'templates', 'Templates', ''),
(8, '_admin_tools_check_updates.php', 'updates', 'Check Updates', ''),
(16, '_admin_menus.php', 'menus', 'Manage UltraMenu', ''),
(17, '_admin_logs.php', 'logs', 'System Logs', '');

-- 
-- Dumping data for table us_ip_whitelist
--
-- Table natura_db.us_ip_whitelist does not contain any data (it is empty)

-- 
-- Dumping data for table us_ip_list
--
INSERT INTO us_ip_list VALUES
(2, '::1', 1, '2022-12-23 09:05:43');

-- 
-- Dumping data for table us_ip_blacklist
--
-- Table natura_db.us_ip_blacklist does not contain any data (it is empty)

-- 
-- Dumping data for table us_form_views
--
-- Table natura_db.us_form_views does not contain any data (it is empty)

-- 
-- Dumping data for table us_form_validation
--
INSERT INTO us_form_validation VALUES
(1, 'min', 'Minimum # of Characters', 'number'),
(2, 'max', 'Maximum # of Characters', 'number'),
(3, 'is_numeric', 'Must be a number', 'true'),
(4, 'valid_email', 'Must be a valid email address', 'true'),
(5, '<', 'Must be a number less than', 'number'),
(6, '>', 'Must be a number greater than', 'number'),
(7, '<=', 'Must be a number less than or equal to', 'number'),
(8, '>=', 'Must be a number greater than or equal to', 'number'),
(9, '!=', 'Must not be equal to', 'text'),
(10, '==', 'Must be equal to', 'text'),
(11, 'is_integer', 'Must be an integer', 'true'),
(12, 'is_timezone', 'Must be a valid timezone name', 'true'),
(13, 'is_datetime', 'Must be a valid DateTime', 'true');

-- 
-- Dumping data for table us_forms
--
-- Table natura_db.us_forms does not contain any data (it is empty)

-- 
-- Dumping data for table us_fingerprint_assets
--
-- Table natura_db.us_fingerprint_assets does not contain any data (it is empty)

-- 
-- Dumping data for table us_fingerprints
--
-- Table natura_db.us_fingerprints does not contain any data (it is empty)

-- 
-- Dumping data for table us_announcements
--
-- Table natura_db.us_announcements does not contain any data (it is empty)

-- 
-- Dumping data for table user_permission_matches
--
INSERT INTO user_permission_matches VALUES
(100, 1, 1),
(101, 1, 2);

-- 
-- Dumping data for table users_session
--
-- Table natura_db.users_session does not contain any data (it is empty)

-- 
-- Dumping data for table users_online
--
-- Table natura_db.users_online does not contain any data (it is empty)

-- 
-- Dumping data for table users
--
INSERT INTO users VALUES
(1, 1, 'userspicephp@userspice.com', NULL, 'admin', '$2y$12$1v06jm2KMOXuuo3qP7erTuTIJFOnzhpds1Moa8BadnUUeX0RV3ex.', NULL, 'The', 'Admin', 'en-US', 1, 'nlPsJDtyeqFWsS', NULL, '', '', '', '', '', 1, 0, 0, '', '', '0000-00-00 00:00:00', 1, 1, 0, 1, 1, NULL, 0, 0, 1, '2024-03-14 21:22:33', '2022-12-25 00:00:00', '2016-01-01 00:00:00', 1);

-- 
-- Dumping data for table updates
--
INSERT INTO updates VALUES
(15, '1XdrInkjV86F', '2018-02-18 19:33:24', NULL),
(16, '3GJYaKcqUtw7', '2018-04-25 13:51:08', NULL),
(17, '3GJYaKcqUtz8', '2018-04-25 13:51:08', NULL),
(18, '69qa8h6E1bzG', '2018-04-25 13:51:08', NULL),
(19, '2XQjsKYJAfn1', '2018-04-25 13:51:08', NULL),
(20, '549DLFeHMNw7', '2018-04-25 13:51:08', NULL),
(21, '4Dgt2XVjgz2x', '2018-04-25 13:51:08', NULL),
(22, 'VLBp32gTWvEo', '2018-04-25 13:51:08', NULL),
(23, 'Q3KlhjdtxE5X', '2018-04-25 13:51:08', NULL),
(24, 'ug5D3pVrNvfS', '2018-04-25 13:51:08', NULL),
(25, '69FbVbv4Jtrz', '2018-04-25 13:51:09', NULL),
(26, '4A6BdJHyvP4a', '2018-04-25 13:51:09', NULL),
(27, '37wvsb5BzymK', '2018-04-25 13:51:09', NULL),
(28, 'c7tZQf926zKq', '2018-04-25 13:51:09', NULL),
(29, 'ockrg4eU33GP', '2018-04-25 13:51:09', NULL),
(30, 'XX4zArPs4tor', '2018-04-25 13:51:09', NULL),
(31, 'pv7r2EHbVvhD', '2018-04-25 21:00:00', NULL),
(32, 'uNT7NpgcBDFD', '2018-04-25 21:00:00', NULL),
(33, 'mS5VtQCZjyJs', '2018-12-11 11:19:16', NULL),
(34, '23rqAv5elJ3G', '2018-12-11 11:19:51', NULL),
(35, 'qPEARSh49fob', '2019-01-01 09:01:01', NULL),
(36, 'FyMYJ2oeGCTX', '2019-01-01 09:01:01', NULL),
(37, 'iit5tHSLatiS', '2019-01-01 09:01:01', NULL),
(38, 'hcA5B3PLhq6E', '2020-07-16 08:27:53', NULL),
(39, 'VNEno3E4zaNz', '2020-07-16 08:27:53', NULL),
(40, '2ZB9mg1l0JXe', '2020-07-16 08:27:53', NULL),
(41, 'B9t6He7qmFXa', '2020-07-16 08:27:53', NULL),
(42, '86FkFVV4TGRg', '2020-07-16 08:27:53', NULL),
(43, 'y4A1Y0u9n2Rt', '2020-07-16 08:27:53', NULL),
(44, 'Tm5xY22MM8eC', '2020-07-16 08:27:53', NULL),
(45, '0YXdrInkjV86F', '2020-07-16 08:27:53', NULL),
(46, '99plgnkjV86', '2020-07-16 08:27:53', NULL),
(47, '0DaShInkjV86', '2020-07-16 08:27:53', NULL),
(48, '0DaShInkjVz1', '2020-07-16 08:27:53', NULL),
(49, 'y4A1Y0u9n2SS', '2020-07-16 08:27:53', NULL),
(50, '0DaShInkjV87', '2020-07-16 08:27:53', NULL),
(51, '0DaShInkjV88', '2020-07-16 08:27:53', NULL),
(52, '2019-09-04a', '2020-07-16 08:27:53', NULL),
(53, '2019-09-05a', '2020-07-16 08:27:53', NULL),
(54, '2019-09-26a', '2020-07-16 08:27:53', NULL),
(55, '2019-11-19a', '2020-07-16 08:27:53', NULL),
(56, '2019-12-28a', '2020-07-16 08:27:53', NULL),
(57, '2020-01-21a', '2020-07-16 08:27:54', NULL),
(58, '2020-03-26a', '2020-07-16 08:27:54', NULL),
(59, '2020-04-17a', '2020-07-16 08:27:54', NULL),
(60, '2020-06-06a', '2020-07-16 08:27:54', NULL),
(61, '2020-06-30a', '2020-07-16 08:27:54', NULL),
(62, '2020-07-01a', '2020-07-16 08:27:54', NULL),
(63, '2020-07-16a', '2020-10-07 22:26:22', NULL),
(64, '2020-07-30a', '2020-10-07 22:26:22', NULL),
(65, '2020-10-06a', '2022-04-15 14:37:11', NULL),
(66, '2020-11-03a', '2022-04-15 14:37:11', NULL),
(67, '2020-11-08a', '2022-04-15 14:37:11', NULL),
(68, '2020-11-10a', '2022-04-15 14:37:11', NULL),
(69, '2020-11-10b', '2022-04-15 14:37:11', NULL),
(70, '2020-12-17a', '2022-04-15 14:37:11', NULL),
(71, '2020-12-28a', '2022-04-15 14:37:11', NULL),
(72, '2021-01-20a', '2022-04-15 14:37:11', NULL),
(73, '2021-02-16a', '2022-04-15 14:37:11', NULL),
(74, '2021-04-14a', '2022-04-15 14:37:11', NULL),
(75, '2021-04-15a', '2022-04-15 14:37:11', NULL),
(76, '2021-05-20a', '2022-04-15 14:37:11', NULL),
(77, '2021-07-11a', '2022-04-15 14:37:11', NULL),
(78, '2021-08-22a', '2022-04-15 14:37:11', NULL),
(79, '2021-08-24a', '2022-04-15 14:37:11', NULL),
(80, '2021-09-25a', '2022-04-15 14:37:11', NULL),
(81, '2021-12-26a', '2022-04-15 14:37:11', NULL),
(82, '2022-05-04a', '2022-12-23 09:05:38', NULL),
(83, '2022-11-06a', '2022-12-23 09:06:38', NULL),
(84, '2022-11-20a', '2022-12-23 09:06:38', NULL),
(85, '2022-12-04a', '2022-12-23 09:06:38', NULL),
(86, '2022-12-22a', '2022-12-23 09:06:38', NULL),
(87, '2022-12-23a', '2022-12-23 09:06:38', NULL),
(88, '2023-01-02a', '2024-03-14 21:22:15', NULL),
(89, '2023-01-03a', '2024-03-14 21:22:15', NULL),
(90, '2023-01-03b', '2024-03-14 21:22:15', NULL),
(91, '2023-01-05a', '2024-03-14 21:22:15', NULL),
(92, '2023-01-07a', '2024-03-14 21:22:15', NULL),
(93, '2023-02-10a', '2024-03-14 21:22:15', NULL),
(94, '2023-05-19a', '2024-03-14 21:22:17', NULL),
(95, '2023-06-29a', '2024-03-14 21:22:17', NULL),
(96, '2023-06-29b', '2024-03-14 21:22:17', NULL),
(97, '2023-11-15a', '2024-03-14 21:22:17', NULL),
(98, '2023-11-17a', '2024-03-14 21:22:17', NULL);

-- 
-- Dumping data for table settings
--
INSERT INTO settings VALUES
(1, 0, 0, 0, 'UserSpice', 'en', 0, 0, 0, 0, '', '', '', '', '', '', '', '', '', 0, 0, 6, 150, 4, 30, 0, 1, 0, 1, 0, '/', 'everything', '', 0, 0, 0, 0, 0, 1, 0, 7, '6LeIxAcTAAAAAJcZVRqyHh71UMIEGNQ_MXjiZKhI', '6LeIxAcTAAAAAGG-vFI1TnRWxMZNFuojJ4WifJWe', 1, 1, 'UserSpice', 1, '', 0, 0, 'off', 1, 24, 15, 1, 120, 0, 'bs5', NULL, NULL, 1, 'en-US', 0, NULL, '2024-03-14 21:22:33', 0, 15, 'container-fluid', 0, 'settings,misc,tools,plugins,snapshot,active_users,active-users', 0);

-- 
-- Dumping data for table profiles
--
INSERT INTO profiles VALUES
(1, 1, '&lt;h1&gt;This is the Admin&#039;s bio.&lt;/h1&gt;'),
(2, 2, 'This is your bio');

-- 
-- Dumping data for table permission_page_matches
--
INSERT INTO permission_page_matches VALUES
(3, 1, 24),
(14, 2, 4),
(15, 1, 3),
(38, 2, 68),
(54, 1, 81);

-- 
-- Dumping data for table permissions
--
INSERT INTO permissions VALUES
(1, 'User'),
(2, 'Administrator');

-- 
-- Dumping data for table pages
--
INSERT INTO pages VALUES
(1, 'index.php', 'Home', 0, 0, 1),
(2, 'z_us_root.php', '', 0, 0, 1),
(3, 'users/account.php', 'Account Dashboard', 1, 0, 1),
(4, 'users/admin.php', 'Admin Dashboard', 1, 0, 1),
(14, 'users/forgot_password.php', 'Forgotten Password', 0, 0, 1),
(15, 'users/forgot_password_reset.php', 'Reset Forgotten Password', 0, 0, 1),
(16, 'users/index.php', 'Home', 0, 0, 1),
(17, 'users/init.php', '', 0, 0, 1),
(18, 'users/join.php', 'Join', 0, 0, 1),
(20, 'users/login.php', 'Login', 0, 0, 1),
(21, 'users/logout.php', 'Logout', 0, 0, 1),
(24, 'users/user_settings.php', 'User Settings', 1, 0, 1),
(25, 'users/verify.php', 'Account Verification', 0, 0, 1),
(26, 'users/verify_resend.php', 'Account Verification', 0, 0, 1),
(45, 'users/maintenance.php', 'Maintenance', 0, 0, 1),
(68, 'users/update.php', 'Update Manager', 1, 0, 1),
(81, 'users/admin_pin.php', 'Verification PIN Set', 1, 0, 1),
(90, 'users/complete.php', NULL, 1, 0, 0);

-- 
-- Dumping data for table notifications
--
-- Table natura_db.notifications does not contain any data (it is empty)

-- 
-- Dumping data for table message_threads
--
-- Table natura_db.message_threads does not contain any data (it is empty)

-- 
-- Dumping data for table messages
--
-- Table natura_db.messages does not contain any data (it is empty)

-- 
-- Dumping data for table menus
--
INSERT INTO menus VALUES
(1, 'main', 2, 0, 1, 1, '{{home}}', '', 'fa fa-fw fa-home'),
(2, 'main', -1, 1, 1, 14, '', '', 'fa fa-fw fa-cogs'),
(3, 'main', -1, 0, 1, 11, '{{username}}', 'users/account.php', 'fa fa-fw fa-user'),
(4, 'main', -1, 1, 0, 3, '{{help}}', '', 'fa fa-fw fa-life-ring'),
(5, 'main', -1, 0, 0, 2, '{{register}}', 'users/join.php', 'fa fa-fw fa-plus-square'),
(6, 'main', -1, 0, 0, 1, '{{login}}', 'users/login.php', 'fa fa-fw fa-sign-in'),
(7, 'main', 2, 0, 1, 2, '{{account}}', 'users/account.php', 'fa fa-fw fa-user'),
(8, 'main', 2, 0, 1, 3, '{{hr}}', '', ''),
(9, 'main', 2, 0, 1, 4, '{{dashboard}}', 'users/admin.php', 'fa fa-fw fa-cogs'),
(10, 'main', 2, 0, 1, 5, '{{users}}', 'users/admin.php?view=users', 'fa fa-fw fa-user'),
(11, 'main', 2, 0, 1, 6, '{{perms}}', 'users/admin.php?view=permissions', 'fa fa-fw fa-lock'),
(12, 'main', 2, 0, 1, 7, '{{pages}}', 'users/admin.php?view=pages', 'fa fa-fw fa-wrench'),
(13, 'main', 2, 0, 1, 9, '{{logs}}', 'users/admin.php?view=logs', 'fa fa-fw fa-search'),
(14, 'main', 2, 0, 1, 10, '{{hr}}', '', ''),
(15, 'main', 2, 0, 1, 11, '{{logout}}', 'users/logout.php', 'fa fa-fw fa-sign-out'),
(16, 'main', -1, 0, 0, 0, '{{home}}', '', 'fa fa-fw fa-home'),
(17, 'main', -1, 0, 1, 10, '{{home}}', '', 'fa fa-fw fa-home'),
(18, 'main', 4, 0, 0, 1, '{{forgot}}', 'users/forgot_password.php', 'fa fa-fw fa-wrench'),
(20, 'main', 4, 0, 0, 99999, '{{resend}}', 'users/verify_resend.php', 'fa fa-exclamation-triangle');

-- 
-- Dumping data for table logs
--
INSERT INTO logs VALUES
(1, 1, '2022-12-23 09:05:38', 'System Updates', 'Update 2022-05-04a successfully deployed.', '::1', NULL),
(2, 1, '2022-12-23 09:05:43', 'login', 'User logged in.', '::1', NULL),
(3, 1, '2022-12-23 09:06:38', 'System Updates', 'Update 2022-11-06a successfully deployed.', '::1', NULL),
(4, 1, '2022-12-23 09:06:38', 'System Updates', 'Update 2022-11-20a successfully deployed.', '::1', NULL),
(5, 1, '2022-12-23 09:06:38', 'System Updates', 'Update 2022-12-04a successfully deployed.', '::1', NULL),
(6, 1, '2022-12-23 09:06:38', 'System Updates', 'Update 2022-12-22a successfully deployed.', '::1', NULL),
(7, 1, '2022-12-23 09:06:38', 'System Updates', 'Update 2022-12-23a successfully deployed.', '::1', NULL),
(8, 1, '2022-12-23 09:16:27', 'login', 'User logged in.', '::1', NULL),
(9, 1, '2024-03-14 21:22:15', 'System Updates', 'Update 2023-01-02a successfully deployed.', '::1', NULL),
(10, 1, '2024-03-14 21:22:15', 'System Updates', 'Update 2023-01-03a successfully deployed.', '::1', NULL),
(11, 1, '2024-03-14 21:22:15', 'System Updates', 'Update 2023-01-03b successfully deployed.', '::1', NULL),
(12, 1, '2024-03-14 21:22:15', 'System Updates', 'Update 2023-01-05a successfully deployed.', '::1', NULL),
(13, 1, '2024-03-14 21:22:15', 'System Updates', 'Update 2023-01-07a successfully deployed.', '::1', NULL),
(14, 1, '2024-03-14 21:22:15', 'System Updates', 'Update 2023-02-10a successfully deployed.', '::1', NULL),
(15, 1, '2024-03-14 21:22:17', 'System Updates', 'Update 2023-05-19a successfully deployed.', '::1', NULL),
(16, 1, '2024-03-14 21:22:17', 'System Updates', 'Update 2023-06-29a successfully deployed.', '::1', NULL),
(17, 1, '2024-03-14 21:22:17', 'System Updates', 'Update 2023-06-29b successfully deployed.', '::1', NULL),
(18, 1, '2024-03-14 21:22:17', 'System Updates', 'Update 2023-11-15a successfully deployed.', '::1', NULL),
(19, 1, '2024-03-14 21:22:17', 'System Updates', 'Update 2023-11-17a successfully deployed.', '::1', NULL),
(20, 1, '2024-03-14 21:22:33', 'login', 'User logged in.', '::1', NULL);

-- 
-- Dumping data for table `keys`
--
-- Table natura_db.`keys` does not contain any data (it is empty)

-- 
-- Dumping data for table groups_menus
--
INSERT INTO groups_menus VALUES
(5, 0, 3),
(6, 0, 1),
(7, 0, 2),
(8, 0, 51),
(9, 0, 52),
(10, 0, 37),
(11, 0, 38),
(12, 2, 39),
(13, 2, 40),
(14, 2, 41),
(15, 2, 42),
(16, 2, 43),
(17, 2, 44),
(18, 2, 45),
(19, 0, 46),
(20, 0, 47),
(21, 0, 49),
(25, 0, 18),
(26, 0, 20),
(27, 0, 21),
(28, 0, 7),
(29, 0, 8),
(30, 2, 9),
(31, 2, 10),
(32, 2, 11),
(33, 2, 12),
(34, 2, 13),
(35, 2, 14),
(36, 2, 15),
(37, 0, 16),
(38, 1, 15);

-- 
-- Dumping data for table email
--
INSERT INTO email VALUES
(1, 'User Spice', 'smtp.gmail.com', 587, 'yourEmail@gmail.com', '1234', 'User Spice', 'yourEmail@gmail.com', 'tls', 'http://localhost/userspice', 0, 0, 0, 'true', 'true', 'CRAM-MD5');

-- 
-- Dumping data for table crons_logs
--
-- Table natura_db.crons_logs does not contain any data (it is empty)

-- 
-- Dumping data for table crons
--
INSERT INTO crons VALUES
(1, 0, 100, 'Auto-Backup', 'backup.php', 1, '2017-09-16 07:49:22', '2017-11-11 17:15:36');

-- 
-- Dumping data for table convidados
--
-- Table natura_db.convidados does not contain any data (it is empty)

-- 
-- Dumping data for table audit
--
-- Table natura_db.audit does not contain any data (it is empty)

-- 
-- Restore previous SQL mode
-- 
/*!40101 SET SQL_MODE=@OLD_SQL_MODE */;

-- 
-- Enable foreign keys
-- 
/*!40014 SET FOREIGN_KEY_CHECKS = @OLD_FOREIGN_KEY_CHECKS */;